{
  "typescript": {
    "quoteStyle": "preferSingle",
    "singleBodyPosition": "nextLine",
    "jsx.quoteStyle": "preferDouble",
    "typeLiteral.separatorKind": "comma"
  },
  "json": {},
  "markdown": {},
  "includes": [
    "**/*.{ts,tsx,js,jsx,cjs,mjs,json,md}"
  ],
  "excludes": [
    "**/node_modules",
    "**/*-lock.json",
    "**/generated/**",
    "build/**",
    "dist/**",
    "public/**"
  ],
  "plugins": [
    "https://plugins.dprint.dev/typescript-0.95.12.wasm",
    "https://plugins.dprint.dev/json-0.21.0.wasm",
    "https://plugins.dprint.dev/markdown-0.20.0.wasm"
  ]
}
